-- phpMyAdmin SQL Dump
-- version 4.2.11
-- http://www.phpmyadmin.net
--
-- Host: localhost
-- Generation Time: Jan 25, 2016 at 11:22 
-- Server version: 5.6.21
-- PHP Version: 5.5.19

SET SQL_MODE = "NO_AUTO_VALUE_ON_ZERO";
SET time_zone = "+00:00";


/*!40101 SET @OLD_CHARACTER_SET_CLIENT=@@CHARACTER_SET_CLIENT */;
/*!40101 SET @OLD_CHARACTER_SET_RESULTS=@@CHARACTER_SET_RESULTS */;
/*!40101 SET @OLD_COLLATION_CONNECTION=@@COLLATION_CONNECTION */;
/*!40101 SET NAMES utf8 */;

--
-- Database: `clefable_koperasi`
--
CREATE DATABASE IF NOT EXISTS `clefable_koperasi` DEFAULT CHARACTER SET latin1 COLLATE latin1_swedish_ci;
USE `clefable_koperasi`;

-- --------------------------------------------------------

--
-- Table structure for table `angsuran`
--

CREATE TABLE IF NOT EXISTS `angsuran` (
  `id_pinjam` char(10) NOT NULL,
  `cicilan` smallint(6) NOT NULL,
  `angsuran` int(11) NOT NULL,
  `bunga` int(11) NOT NULL,
  `tgl_jatuh_tempo` date DEFAULT NULL,
  `tgl_bayar` date NOT NULL,
  `jumlah_bayar` int(11) NOT NULL,
  `ket` varchar(100) DEFAULT NULL
) ENGINE=MyISAM DEFAULT CHARSET=latin1;

--
-- Dumping data for table `angsuran`
--

INSERT INTO `angsuran` (`id_pinjam`, `cicilan`, `angsuran`, `bunga`, `tgl_jatuh_tempo`, `tgl_bayar`, `jumlah_bayar`, `ket`) VALUES
('P0003', 4, 833333, 83333, '2013-06-01', '0000-00-00', 0, '2013-06-01'),
('P0003', 5, 833333, 83333, '2013-07-01', '0000-00-00', 0, '2013-07-01'),
('P0003', 2, 833333, 83333, '2013-05-01', '0000-00-00', 0, '2013-05-01'),
('P0003', 3, 833333, 83333, '2013-05-01', '0000-00-00', 0, '2013-05-01'),
('P0003', 1, 833333, 83333, '2013-04-01', '0000-00-00', 0, '2013-04-01'),
('P0002', 2, 1666667, 166667, '2013-05-01', '2013-05-01', 1850000, '2013-05-01'),
('P0003', 6, 833333, 83333, '2013-08-01', '0000-00-00', 0, '2013-08-01'),
('P0002', 6, 1666667, 166667, '2013-08-01', '0000-00-00', 0, '2013-08-01'),
('P0002', 4, 1666667, 166667, '2013-06-01', '0000-00-00', 0, '2013-06-01'),
('P0002', 1, 1666667, 166667, '2013-04-01', '2013-04-01', 1850000, '2013-04-01'),
('P0002', 3, 1666667, 166667, '2013-05-01', '0000-00-00', 0, '2013-05-01'),
('P0002', 5, 1666667, 166667, '2013-07-01', '0000-00-00', 0, '2013-07-01'),
('P0001', 3, 1666667, 166667, '2013-05-12', '2013-03-01', 1850000, '2013-05-12'),
('P0001', 6, 1666667, 166667, '2013-08-12', '0000-00-00', 0, '2013-08-12'),
('P0001', 5, 1666667, 166667, '2013-07-12', '0000-00-00', 0, '2013-07-12'),
('P0001', 4, 1666667, 166667, '2013-06-12', '0000-00-00', 0, '2013-06-12'),
('P0001', 2, 1666667, 166667, '2013-04-12', '2013-04-12', 1850000, '2013-04-12'),
('P0001', 1, 1666667, 166667, '2013-03-12', '2013-03-12', 1850000, '2013-03-12'),
('A004', 1, 12500000, 1250000, '2016-01-08', '0000-00-00', 0, '2016-01-08'),
('A004', 6, 12500000, 1250000, '2016-06-08', '0000-00-00', 0, '2016-06-08'),
('A004', 2, 12500000, 1250000, '2016-02-08', '0000-00-00', 0, '2016-02-08'),
('A004', 3, 12500000, 1250000, '2016-03-08', '0000-00-00', 0, '2016-03-08'),
('A004', 5, 12500000, 1250000, '2016-05-08', '0000-00-00', 0, '2016-05-08'),
('A004', 8, 12500000, 1250000, '2016-08-08', '0000-00-00', 0, '2016-08-08'),
('A004', 11, 12500000, 1250000, '2016-11-08', '0000-00-00', 0, '2016-11-08'),
('A004', 9, 12500000, 1250000, '2016-09-08', '0000-00-00', 0, '2016-09-08'),
('A004', 10, 12500000, 1250000, '2016-10-08', '0000-00-00', 0, '2016-10-08'),
('A004', 12, 12500000, 1250000, '2016-12-08', '0000-00-00', 0, '2016-12-08'),
('A004', 4, 12500000, 1250000, '2016-04-08', '0000-00-00', 0, '2016-04-08'),
('A004', 7, 12500000, 1250000, '2016-07-08', '0000-00-00', 0, '2016-07-08'),
('A005', 1, 13552188, 677609, '2016-01-23', '0000-00-00', 0, '2016-01-23'),
('A005', 3, 13552188, 677609, '2016-03-23', '0000-00-00', 0, '2016-03-23'),
('A005', 6, 13552188, 677609, '2016-06-23', '0000-00-00', 0, '2016-06-23'),
('A005', 5, 13552188, 677609, '2016-05-23', '0000-00-00', 0, '2016-05-23'),
('A005', 4, 13552188, 677609, '2016-04-23', '0000-00-00', 0, '2016-04-23'),
('A005', 2, 13552188, 677609, '2016-02-23', '0000-00-00', 0, '2016-02-23'),
('A005', 8, 13552188, 677609, '2016-08-23', '0000-00-00', 0, '2016-08-23'),
('A005', 10, 13552188, 677609, '2016-10-23', '0000-00-00', 0, '2016-10-23'),
('A005', 7, 13552188, 677609, '2016-07-23', '0000-00-00', 0, '2016-07-23'),
('A005', 9, 13552188, 677609, '2016-09-23', '0000-00-00', 0, '2016-09-23'),
('A005', 11, 13552188, 677609, '2016-11-23', '0000-00-00', 0, '2016-11-23'),
('A005', 12, 13552188, 677609, '2016-12-23', '0000-00-00', 0, '2016-12-23'),
('A005', 13, 13552188, 677609, '2017-01-23', '0000-00-00', 0, '2017-01-23'),
('A005', 14, 13552188, 677609, '2017-02-23', '0000-00-00', 0, '2017-02-23'),
('A005', 15, 13552188, 677609, '2017-03-23', '0000-00-00', 0, '2017-03-23'),
('A005', 16, 13552188, 677609, '2017-04-23', '0000-00-00', 0, '2017-04-23'),
('A005', 17, 13552188, 677609, '2017-05-23', '0000-00-00', 0, '2017-05-23'),
('A005', 19, 13552188, 677609, '2017-07-23', '0000-00-00', 0, '2017-07-23'),
('A005', 18, 13552188, 677609, '2017-06-23', '0000-00-00', 0, '2017-06-23'),
('A005', 20, 13552188, 677609, '2017-08-23', '0000-00-00', 0, '2017-08-23'),
('A005', 22, 13552188, 677609, '2017-10-23', '0000-00-00', 0, '2017-10-23'),
('A005', 21, 13552188, 677609, '2017-09-23', '0000-00-00', 0, '2017-09-23'),
('A005', 23, 13552188, 677609, '2017-11-23', '0000-00-00', 0, '2017-11-23'),
('A005', 24, 13552188, 677609, '2017-12-23', '0000-00-00', 0, '2017-12-23'),
('A006', 1, 12500000, 1250000, '2016-01-21', '0000-00-00', 0, '2016-01-21'),
('A006', 2, 12500000, 1250000, '2016-02-21', '0000-00-00', 0, '2016-02-21'),
('A006', 3, 12500000, 1250000, '2016-03-21', '0000-00-00', 0, '2016-03-21'),
('A006', 7, 12500000, 1250000, '2016-07-21', '0000-00-00', 0, '2016-07-21'),
('A006', 5, 12500000, 1250000, '2016-05-21', '0000-00-00', 0, '2016-05-21'),
('A006', 9, 12500000, 1250000, '2016-09-21', '0000-00-00', 0, '2016-09-21'),
('A006', 6, 12500000, 1250000, '2016-06-21', '0000-00-00', 0, '2016-06-21'),
('A006', 8, 12500000, 1250000, '2016-08-21', '0000-00-00', 0, '2016-08-21'),
('A006', 11, 12500000, 1250000, '2016-11-21', '0000-00-00', 0, '2016-11-21'),
('A006', 10, 12500000, 1250000, '2016-10-21', '0000-00-00', 0, '2016-10-21'),
('A006', 12, 12500000, 1250000, '2016-12-21', '0000-00-00', 0, '2016-12-21'),
('A006', 4, 12500000, 1250000, '2016-04-21', '0000-00-00', 0, '2016-04-21'),
('A007', 1, 25000000, 2500000, '2016-01-10', '0000-00-00', 0, '2016-01-10'),
('A007', 2, 25000000, 2500000, '2016-02-10', '0000-00-00', 0, '2016-02-10'),
('A007', 3, 25000000, 2500000, '2016-03-10', '0000-00-00', 0, '2016-03-10'),
('A007', 4, 25000000, 2500000, '2016-04-10', '0000-00-00', 0, '2016-04-10'),
('A007', 5, 25000000, 2500000, '2016-05-10', '0000-00-00', 0, '2016-05-10'),
('A007', 7, 25000000, 2500000, '2016-07-10', '0000-00-00', 0, '2016-07-10'),
('A007', 8, 25000000, 2500000, '2016-08-10', '0000-00-00', 0, '2016-08-10'),
('A007', 6, 25000000, 2500000, '2016-06-10', '0000-00-00', 0, '2016-06-10'),
('A007', 9, 25000000, 2500000, '2016-09-10', '0000-00-00', 0, '2016-09-10'),
('A007', 10, 25000000, 2500000, '2016-10-10', '0000-00-00', 0, '2016-10-10'),
('A007', 11, 25000000, 2500000, '2016-11-10', '0000-00-00', 0, '2016-11-10'),
('A007', 12, 25000000, 2500000, '2016-12-10', '0000-00-00', 0, '2016-12-10'),
('A008', 1, 34459083, 1722954, '2016-01-20', '0000-00-00', 0, '2016-01-20'),
('A008', 2, 34459083, 1722954, '2016-02-20', '0000-00-00', 0, '2016-02-20'),
('A008', 3, 34459083, 1722954, '2016-03-20', '0000-00-00', 0, '2016-03-20'),
('A008', 4, 34459083, 1722954, '2016-04-20', '0000-00-00', 0, '2016-04-20'),
('A008', 5, 34459083, 1722954, '2016-05-20', '0000-00-00', 0, '2016-05-20'),
('A008', 6, 34459083, 1722954, '2016-06-20', '0000-00-00', 0, '2016-06-20'),
('A009', 1, 25000000, 750000, '2016-01-18', '0000-00-00', 0, '2016-01-18'),
('A009', 2, 25000000, 750000, '2016-02-18', '0000-00-00', 0, '2016-02-18'),
('A009', 3, 25000000, 750000, '2016-03-18', '0000-00-00', 0, '2016-03-18'),
('A009', 4, 25000000, 750000, '2016-04-18', '0000-00-00', 0, '2016-04-18'),
('A009', 5, 25000000, 750000, '2016-05-18', '0000-00-00', 0, '2016-05-18'),
('A009', 6, 25000000, 750000, '2016-06-18', '0000-00-00', 0, '2016-06-18'),
('A009', 7, 25000000, 750000, '2016-07-18', '0000-00-00', 0, '2016-07-18'),
('A009', 8, 25000000, 750000, '2016-08-18', '0000-00-00', 0, '2016-08-18'),
('A009', 9, 25000000, 750000, '2016-09-18', '0000-00-00', 0, '2016-09-18'),
('A009', 10, 25000000, 750000, '2016-10-18', '0000-00-00', 0, '2016-10-18'),
('A009', 11, 25000000, 750000, '2016-11-18', '0000-00-00', 0, '2016-11-18'),
('A009', 12, 25000000, 750000, '2016-12-18', '0000-00-00', 0, '2016-12-18'),
('A010', 2, 19270625, 963531, '2016-02-18', '0000-00-00', 0, '2016-02-18'),
('A010', 1, 19270625, 963531, '2016-01-18', '0000-00-00', 0, '2016-01-18'),
('A010', 5, 19270625, 963531, '2016-05-18', '0000-00-00', 0, '2016-05-18'),
('A010', 6, 19270625, 963531, '2016-06-18', '0000-00-00', 0, '2016-06-18'),
('A010', 7, 19270625, 963531, '2016-07-18', '0000-00-00', 0, '2016-07-18'),
('A010', 4, 19270625, 963531, '2016-04-18', '0000-00-00', 0, '2016-04-18'),
('A010', 3, 19270625, 963531, '2016-03-18', '0000-00-00', 0, '2016-03-18'),
('A010', 11, 19270625, 963531, '2016-11-18', '0000-00-00', 0, '2016-11-18'),
('A010', 8, 19270625, 963531, '2016-08-18', '0000-00-00', 0, '2016-08-18'),
('A010', 9, 19270625, 963531, '2016-09-18', '0000-00-00', 0, '2016-09-18'),
('A010', 10, 19270625, 963531, '2016-10-18', '0000-00-00', 0, '2016-10-18'),
('A010', 12, 19270625, 963531, '2016-12-18', '0000-00-00', 0, '2016-12-18'),
('A011', 1, 16666667, 833333, '2016-01-18', '0000-00-00', 0, '2016-01-18'),
('A011', 2, 16666667, 833333, '2016-02-18', '0000-00-00', 0, '2016-02-18'),
('A011', 3, 16666667, 833333, '2016-03-18', '0000-00-00', 0, '2016-03-18'),
('A011', 4, 16666667, 833333, '2016-04-18', '0000-00-00', 0, '2016-04-18'),
('A011', 5, 16666667, 833333, '2016-05-18', '0000-00-00', 0, '2016-05-18'),
('A011', 6, 16666667, 833333, '2016-06-18', '0000-00-00', 0, '2016-06-18'),
('A011', 7, 16666667, 833333, '2016-07-18', '0000-00-00', 0, '2016-07-18'),
('A011', 8, 16666667, 833333, '2016-08-18', '0000-00-00', 0, '2016-08-18'),
('A011', 9, 16666667, 833333, '2016-09-18', '0000-00-00', 0, '2016-09-18'),
('A011', 11, 16666667, 833333, '2016-11-18', '0000-00-00', 0, '2016-11-18'),
('A011', 10, 16666667, 833333, '2016-10-18', '0000-00-00', 0, '2016-10-18'),
('A011', 12, 16666667, 833333, '2016-12-18', '0000-00-00', 0, '2016-12-18'),
('A012', 1, 6250000, 625000, '2016-01-26', '0000-00-00', 0, '2016-01-26'),
('A012', 2, 6250000, 625000, '2016-02-26', '0000-00-00', 0, '2016-02-26'),
('A012', 3, 6250000, 625000, '2016-03-26', '0000-00-00', 0, '2016-03-26'),
('A012', 4, 6250000, 625000, '2016-04-26', '0000-00-00', 0, '2016-04-26'),
('A012', 6, 6250000, 625000, '2016-06-26', '0000-00-00', 0, '2016-06-26'),
('A012', 7, 6250000, 625000, '2016-07-26', '0000-00-00', 0, '2016-07-26'),
('A012', 10, 6250000, 625000, '2016-10-26', '0000-00-00', 0, '2016-10-26'),
('A012', 9, 6250000, 625000, '2016-09-26', '0000-00-00', 0, '2016-09-26'),
('A012', 8, 6250000, 625000, '2016-08-26', '0000-00-00', 0, '2016-08-26'),
('A012', 11, 6250000, 625000, '2016-11-26', '0000-00-00', 0, '2016-11-26'),
('A012', 13, 6250000, 625000, '2017-01-26', '0000-00-00', 0, '2017-01-26'),
('A012', 12, 6250000, 625000, '2016-12-26', '0000-00-00', 0, '2016-12-26'),
('A012', 16, 6250000, 625000, '2017-04-26', '0000-00-00', 0, '2017-04-26'),
('A012', 17, 6250000, 625000, '2017-05-26', '0000-00-00', 0, '2017-05-26'),
('A012', 15, 6250000, 625000, '2017-03-26', '0000-00-00', 0, '2017-03-26'),
('A012', 14, 6250000, 625000, '2017-02-26', '0000-00-00', 0, '2017-02-26'),
('A012', 19, 6250000, 625000, '2017-07-26', '0000-00-00', 0, '2017-07-26'),
('A012', 21, 6250000, 625000, '2017-09-26', '0000-00-00', 0, '2017-09-26'),
('A012', 20, 6250000, 625000, '2017-08-26', '0000-00-00', 0, '2017-08-26'),
('A012', 5, 6250000, 625000, '2016-05-26', '0000-00-00', 0, '2016-05-26'),
('A012', 22, 6250000, 625000, '2017-10-26', '0000-00-00', 0, '2017-10-26'),
('A012', 23, 6250000, 625000, '2017-11-26', '0000-00-00', 0, '2017-11-26'),
('A012', 24, 6250000, 625000, '2017-12-26', '0000-00-00', 0, '2017-12-26'),
('A012', 18, 6250000, 625000, '2017-06-26', '0000-00-00', 0, '2017-06-26'),
('A013', 1, 14583333, 1458333, '2016-01-28', '0000-00-00', 0, '2016-01-28'),
('A013', 2, 14583333, 1458333, '2016-02-28', '0000-00-00', 0, '2016-02-28'),
('A013', 3, 14583333, 1458333, '2016-03-28', '0000-00-00', 0, '2016-03-28'),
('A013', 4, 14583333, 1458333, '2016-04-28', '0000-00-00', 0, '2016-04-28'),
('A013', 5, 14583333, 1458333, '2016-05-28', '0000-00-00', 0, '2016-05-28'),
('A013', 6, 14583333, 1458333, '2016-06-28', '0000-00-00', 0, '2016-06-28'),
('A013', 7, 14583333, 1458333, '2016-07-28', '0000-00-00', 0, '2016-07-28'),
('A013', 8, 14583333, 1458333, '2016-08-28', '0000-00-00', 0, '2016-08-28'),
('A013', 9, 14583333, 1458333, '2016-09-28', '0000-00-00', 0, '2016-09-28'),
('A013', 12, 14583333, 1458333, '2016-12-28', '0000-00-00', 0, '2016-12-28'),
('A013', 13, 14583333, 1458333, '2017-01-28', '0000-00-00', 0, '2017-01-28'),
('A013', 14, 14583333, 1458333, '2017-02-28', '0000-00-00', 0, '2017-02-28'),
('A013', 10, 14583333, 1458333, '2016-10-28', '0000-00-00', 0, '2016-10-28'),
('A013', 15, 14583333, 1458333, '2017-03-28', '0000-00-00', 0, '2017-03-28'),
('A013', 11, 14583333, 1458333, '2016-11-28', '0000-00-00', 0, '2016-11-28'),
('A013', 16, 14583333, 1458333, '2017-04-28', '0000-00-00', 0, '2017-04-28'),
('A013', 17, 14583333, 1458333, '2017-05-28', '0000-00-00', 0, '2017-05-28'),
('A013', 19, 14583333, 1458333, '2017-07-28', '0000-00-00', 0, '2017-07-28'),
('A013', 20, 14583333, 1458333, '2017-08-28', '0000-00-00', 0, '2017-08-28'),
('A013', 21, 14583333, 1458333, '2017-09-28', '0000-00-00', 0, '2017-09-28'),
('A013', 18, 14583333, 1458333, '2017-06-28', '0000-00-00', 0, '2017-06-28'),
('A013', 24, 14583333, 1458333, '2017-12-28', '0000-00-00', 0, '2017-12-28'),
('A013', 23, 14583333, 1458333, '2017-11-28', '0000-00-00', 0, '2017-11-28'),
('A013', 22, 14583333, 1458333, '2017-10-28', '0000-00-00', 0, '2017-10-28'),
('A014', 1, 25343525, 1267176, '2016-01-16', '0000-00-00', 0, '2016-01-16'),
('A014', 2, 25343525, 1267176, '2016-02-16', '0000-00-00', 0, '2016-02-16'),
('A014', 3, 25343525, 1267176, '2016-03-16', '0000-00-00', 0, '2016-03-16'),
('A014', 4, 25343525, 1267176, '2016-04-16', '0000-00-00', 0, '2016-04-16'),
('A014', 5, 25343525, 1267176, '2016-05-16', '0000-00-00', 0, '2016-05-16'),
('A014', 7, 25343525, 1267176, '2016-07-16', '0000-00-00', 0, '2016-07-16'),
('A014', 9, 25343525, 1267176, '2016-09-16', '0000-00-00', 0, '2016-09-16'),
('A014', 8, 25343525, 1267176, '2016-08-16', '0000-00-00', 0, '2016-08-16'),
('A014', 11, 25343525, 1267176, '2016-11-16', '0000-00-00', 0, '2016-11-16'),
('A014', 10, 25343525, 1267176, '2016-10-16', '0000-00-00', 0, '2016-10-16'),
('A014', 12, 25343525, 1267176, '2016-12-16', '0000-00-00', 0, '2016-12-16'),
('A014', 6, 25343525, 1267176, '2016-06-16', '0000-00-00', 0, '2016-06-16'),
('A015', 1, 8333333, 416667, '2016-01-29', '0000-00-00', 0, '2016-01-29'),
('A015', 2, 8333333, 416667, '2016-02-29', '0000-00-00', 0, '2016-02-29'),
('A015', 3, 8333333, 416667, '2016-03-29', '0000-00-00', 0, '2016-03-29'),
('A015', 4, 8333333, 416667, '2016-04-29', '0000-00-00', 0, '2016-04-29'),
('A015', 5, 8333333, 416667, '2016-05-29', '0000-00-00', 0, '2016-05-29'),
('A015', 6, 8333333, 416667, '2016-06-29', '0000-00-00', 0, '2016-06-29'),
('A015', 7, 8333333, 416667, '2016-07-29', '0000-00-00', 0, '2016-07-29'),
('A015', 8, 8333333, 416667, '2016-08-29', '0000-00-00', 0, '2016-08-29'),
('A015', 9, 8333333, 416667, '2016-09-29', '0000-00-00', 0, '2016-09-29'),
('A015', 11, 8333333, 416667, '2016-11-29', '0000-00-00', 0, '2016-11-29'),
('A015', 10, 8333333, 416667, '2016-10-29', '0000-00-00', 0, '2016-10-29'),
('A015', 12, 8333333, 416667, '2016-12-29', '0000-00-00', 0, '2016-12-29'),
('A015', 13, 8333333, 416667, '2017-01-29', '0000-00-00', 0, '2017-01-29'),
('A015', 14, 8333333, 416667, '0000-00-00', '0000-00-00', 0, '2017-02-29'),
('A015', 15, 8333333, 416667, '2017-03-29', '0000-00-00', 0, '2017-03-29'),
('A015', 17, 8333333, 416667, '2017-05-29', '0000-00-00', 0, '2017-05-29'),
('A015', 18, 8333333, 416667, '2017-06-29', '0000-00-00', 0, '2017-06-29'),
('A015', 19, 8333333, 416667, '2017-07-29', '0000-00-00', 0, '2017-07-29'),
('A015', 16, 8333333, 416667, '2017-04-29', '0000-00-00', 0, '2017-04-29'),
('A015', 20, 8333333, 416667, '2017-08-29', '0000-00-00', 0, '2017-08-29'),
('A015', 21, 8333333, 416667, '2017-09-29', '0000-00-00', 0, '2017-09-29'),
('A015', 22, 8333333, 416667, '2017-10-29', '0000-00-00', 0, '2017-10-29'),
('A015', 23, 8333333, 416667, '2017-11-29', '0000-00-00', 0, '2017-11-29'),
('A015', 24, 8333333, 416667, '2017-12-29', '0000-00-00', 0, '2017-12-29'),
('A016', 1, 4557938, 227897, '2016-01-04', '0000-00-00', 0, '2016-01-04'),
('A016', 2, 4557938, 227897, '2016-02-04', '0000-00-00', 0, '2016-02-04'),
('A016', 4, 4557938, 227897, '2016-04-04', '0000-00-00', 0, '2016-04-04'),
('A016', 3, 4557938, 227897, '2016-03-04', '0000-00-00', 0, '2016-03-04'),
('A016', 5, 4557938, 227897, '2016-05-04', '0000-00-00', 0, '2016-05-04'),
('A016', 6, 4557938, 227897, '2016-06-04', '0000-00-00', 0, '2016-06-04'),
('A016', 7, 4557938, 227897, '2016-07-04', '0000-00-00', 0, '2016-07-04'),
('A016', 8, 4557938, 227897, '2016-08-04', '0000-00-00', 0, '2016-08-04'),
('A016', 9, 4557938, 227897, '2016-08-04', '0000-00-00', 0, '2016-08-04'),
('A016', 10, 4557938, 227897, '2016-09-04', '0000-00-00', 0, '2016-09-04'),
('A016', 11, 4557938, 227897, '2016-10-04', '0000-00-00', 0, '2016-10-04'),
('A016', 12, 4557938, 227897, '2016-11-04', '0000-00-00', 0, '2016-11-04'),
('A016', 13, 4557938, 227897, '2016-12-04', '0000-00-00', 0, '2016-12-04'),
('A016', 15, 4557938, 227897, '2017-02-04', '0000-00-00', 0, '2017-02-04'),
('A016', 16, 4557938, 227897, '2017-03-04', '0000-00-00', 0, '2017-03-04'),
('A016', 17, 4557938, 227897, '2017-04-04', '0000-00-00', 0, '2017-04-04'),
('A016', 18, 4557938, 227897, '2017-05-04', '0000-00-00', 0, '2017-05-04'),
('A016', 14, 4557938, 227897, '2017-01-04', '0000-00-00', 0, '2017-01-04'),
('A016', 19, 4557938, 227897, '2017-06-04', '0000-00-00', 0, '2017-06-04'),
('A016', 21, 4557938, 227897, '2017-08-04', '0000-00-00', 0, '2017-08-04'),
('A016', 20, 4557938, 227897, '2017-07-04', '0000-00-00', 0, '2017-07-04'),
('A016', 22, 4557938, 227897, '2017-09-04', '0000-00-00', 0, '2017-09-04'),
('A016', 23, 4557938, 227897, '2017-10-04', '0000-00-00', 0, '2017-10-04'),
('A016', 24, 4557938, 227897, '2017-11-04', '0000-00-00', 0, '2017-11-04'),
('A017', 1, 1125000, 56250, '2016-01-09', '0000-00-00', 0, '2016-01-09'),
('A017', 2, 1125000, 56250, '2016-02-09', '0000-00-00', 0, '2016-02-09'),
('A017', 3, 1125000, 56250, '2016-03-09', '0000-00-00', 0, '2016-03-09'),
('A017', 4, 1125000, 56250, '2016-04-09', '0000-00-00', 0, '2016-04-09'),
('A017', 5, 1125000, 56250, '2016-05-09', '0000-00-00', 0, '2016-05-09'),
('A017', 9, 1125000, 56250, '2016-09-09', '0000-00-00', 0, '2016-09-09'),
('A017', 10, 1125000, 56250, '2016-10-09', '0000-00-00', 0, '2016-10-09'),
('A017', 8, 1125000, 56250, '2016-08-09', '0000-00-00', 0, '2016-08-09'),
('A017', 7, 1125000, 56250, '2016-07-09', '0000-00-00', 0, '2016-07-09'),
('A017', 6, 1125000, 56250, '2016-06-09', '0000-00-00', 0, '2016-06-09'),
('A017', 12, 1125000, 56250, '2016-12-09', '0000-00-00', 0, '2016-12-09'),
('A017', 11, 1125000, 56250, '2016-11-09', '0000-00-00', 0, '2016-11-09'),
('A017', 14, 1125000, 56250, '2017-02-09', '0000-00-00', 0, '2017-02-09'),
('A017', 13, 1125000, 56250, '2017-01-09', '0000-00-00', 0, '2017-01-09'),
('A017', 17, 1125000, 56250, '2017-05-09', '0000-00-00', 0, '2017-05-09'),
('A017', 16, 1125000, 56250, '2017-04-09', '0000-00-00', 0, '2017-04-09'),
('A017', 15, 1125000, 56250, '2017-03-09', '0000-00-00', 0, '2017-03-09'),
('A017', 18, 1125000, 56250, '2017-06-09', '0000-00-00', 0, '2017-06-09'),
('A017', 19, 1125000, 56250, '2017-07-09', '0000-00-00', 0, '2017-07-09'),
('A017', 21, 1125000, 56250, '2017-08-09', '0000-00-00', 0, '2017-08-09'),
('A017', 20, 1125000, 56250, '2017-08-09', '0000-00-00', 0, '2017-08-09'),
('A017', 22, 1125000, 56250, '2017-09-09', '0000-00-00', 0, '2017-09-09'),
('A017', 23, 1125000, 56250, '2017-10-09', '0000-00-00', 0, '2017-10-09'),
('A017', 24, 1125000, 56250, '2017-11-09', '0000-00-00', 0, '2017-11-09'),
('A018', 1, 50000000, 2500000, '2016-01-19', '0000-00-00', 0, '2016-01-19'),
('A018', 2, 50000000, 2500000, '2016-02-19', '0000-00-00', 0, '2016-02-19'),
('A018', 3, 50000000, 2500000, '2016-03-19', '0000-00-00', 0, '2016-03-19'),
('A018', 4, 50000000, 2500000, '2016-04-19', '0000-00-00', 0, '2016-04-19'),
('A018', 5, 50000000, 2500000, '2016-05-19', '0000-00-00', 0, '2016-05-19'),
('A018', 6, 50000000, 2500000, '2016-06-19', '0000-00-00', 0, '2016-06-19'),
('A019', 1, 33333333, 1666667, '2016-01-11', '0000-00-00', 0, '2016-01-11'),
('A019', 2, 33333333, 1666667, '2016-02-11', '0000-00-00', 0, '2016-02-11'),
('A019', 3, 33333333, 1666667, '2016-03-11', '0000-00-00', 0, '2016-03-11'),
('A019', 5, 33333333, 1666667, '2016-05-11', '0000-00-00', 0, '2016-05-11'),
('A019', 6, 33333333, 1666667, '2016-06-11', '0000-00-00', 0, '2016-06-11'),
('A019', 4, 33333333, 1666667, '2016-04-11', '0000-00-00', 0, '2016-04-11'),
('A020', 1, 56629500, 2831475, '2016-01-16', '0000-00-00', 0, '2016-01-16'),
('A020', 2, 56629500, 2831475, '2016-02-16', '0000-00-00', 0, '2016-02-16'),
('A020', 3, 56629500, 2831475, '2016-03-16', '0000-00-00', 0, '2016-03-16'),
('A020', 4, 56629500, 2831475, '2016-04-16', '0000-00-00', 0, '2016-04-16'),
('A020', 5, 56629500, 2831475, '2016-05-16', '0000-00-00', 0, '2016-05-16'),
('A020', 6, 56629500, 2831475, '2016-06-16', '0000-00-00', 0, '2016-06-16'),
('A021', 1, 25000000, 1250000, '2016-01-29', '0000-00-00', 0, '2016-01-29'),
('A021', 2, 25000000, 1250000, '2016-02-29', '0000-00-00', 0, '2016-02-29'),
('A021', 3, 25000000, 1250000, '2016-03-29', '0000-00-00', 0, '2016-03-29'),
('A021', 4, 25000000, 1250000, '2016-04-29', '0000-00-00', 0, '2016-04-29'),
('A021', 5, 25000000, 1250000, '2016-05-29', '0000-00-00', 0, '2016-05-29'),
('A021', 6, 25000000, 1250000, '2016-06-29', '0000-00-00', 0, '2016-06-29'),
('A021', 7, 25000000, 1250000, '2016-07-29', '0000-00-00', 0, '2016-07-29'),
('A021', 8, 25000000, 1250000, '2016-08-29', '0000-00-00', 0, '2016-08-29'),
('A021', 9, 25000000, 1250000, '2016-09-29', '0000-00-00', 0, '2016-09-29'),
('A021', 10, 25000000, 1250000, '2016-10-29', '0000-00-00', 0, '2016-10-29'),
('A021', 11, 25000000, 1250000, '2016-11-29', '0000-00-00', 0, '2016-11-29'),
('A021', 12, 25000000, 1250000, '2016-12-29', '0000-00-00', 0, '2016-12-29'),
('A022', 1, 10416667, 1041667, '2016-01-07', '0000-00-00', 0, '2016-01-07'),
('A022', 2, 10416667, 1041667, '2016-02-07', '0000-00-00', 0, '2016-02-07'),
('A022', 3, 10416667, 1041667, '2016-03-07', '0000-00-00', 0, '2016-03-07'),
('A022', 4, 10416667, 1041667, '2016-04-07', '0000-00-00', 0, '2016-04-07'),
('A022', 5, 10416667, 1041667, '2016-05-07', '0000-00-00', 0, '2016-05-07'),
('A022', 7, 10416667, 1041667, '2016-07-07', '0000-00-00', 0, '2016-07-07'),
('A022', 8, 10416667, 1041667, '2016-08-07', '0000-00-00', 0, '2016-08-07'),
('A022', 6, 10416667, 1041667, '2016-06-07', '0000-00-00', 0, '2016-06-07'),
('A022', 9, 10416667, 1041667, '2016-09-07', '0000-00-00', 0, '2016-09-07'),
('A022', 10, 10416667, 1041667, '2016-10-07', '0000-00-00', 0, '2016-10-07'),
('A022', 11, 10416667, 1041667, '2016-11-07', '0000-00-00', 0, '2016-11-07'),
('A022', 12, 10416667, 1041667, '2016-12-07', '0000-00-00', 0, '2016-12-07'),
('A022', 13, 10416667, 1041667, '2017-01-07', '0000-00-00', 0, '2017-01-07'),
('A022', 14, 10416667, 1041667, '2017-01-07', '0000-00-00', 0, '2017-01-07'),
('A022', 15, 10416667, 1041667, '2017-03-07', '0000-00-00', 0, '2017-03-07'),
('A022', 16, 10416667, 1041667, '2017-04-07', '0000-00-00', 0, '2017-04-07'),
('A022', 18, 10416667, 1041667, '2017-05-07', '0000-00-00', 0, '2017-05-07'),
('A022', 17, 10416667, 1041667, '2017-05-07', '0000-00-00', 0, '2017-05-07'),
('A022', 19, 10416667, 1041667, '2017-06-07', '0000-00-00', 0, '2017-06-07'),
('A022', 20, 10416667, 1041667, '2017-07-07', '0000-00-00', 0, '2017-07-07'),
('A022', 21, 10416667, 1041667, '2017-08-07', '0000-00-00', 0, '2017-08-07'),
('A022', 22, 10416667, 1041667, '2017-09-07', '0000-00-00', 0, '2017-09-07'),
('A022', 23, 10416667, 1041667, '2017-10-07', '0000-00-00', 0, '2017-10-07'),
('A022', 24, 10416667, 1041667, '2017-11-07', '0000-00-00', 0, '2017-11-07'),
('A023', 3, 33683083, 3368308, '2016-03-13', '0000-00-00', 0, '2016-03-13'),
('A023', 5, 33683083, 3368308, '2016-05-13', '0000-00-00', 0, '2016-05-13'),
('A023', 4, 33683083, 3368308, '2016-04-13', '0000-00-00', 0, '2016-04-13'),
('A023', 2, 33683083, 3368308, '2016-02-13', '0000-00-00', 0, '2016-02-13'),
('A023', 6, 33683083, 3368308, '2016-06-13', '0000-00-00', 0, '2016-06-13'),
('A023', 1, 33683083, 3368308, '2016-01-13', '0000-00-00', 0, '2016-01-13'),
('A023', 7, 33683083, 3368308, '2016-07-13', '0000-00-00', 0, '2016-07-13'),
('A023', 9, 33683083, 3368308, '2016-09-13', '0000-00-00', 0, '2016-09-13'),
('A023', 11, 33683083, 3368308, '2016-11-13', '0000-00-00', 0, '2016-11-13'),
('A023', 8, 33683083, 3368308, '2016-08-13', '0000-00-00', 0, '2016-08-13'),
('A023', 10, 33683083, 3368308, '2016-10-13', '0000-00-00', 0, '2016-10-13'),
('A023', 12, 33683083, 3368308, '2016-12-13', '0000-00-00', 0, '2016-12-13'),
('A024', 1, 29634167, 2963417, '2016-01-06', '0000-00-00', 0, '2016-01-06'),
('A024', 2, 29634167, 2963417, '2016-02-06', '0000-00-00', 0, '2016-02-06'),
('A024', 3, 29634167, 2963417, '2016-03-06', '0000-00-00', 0, '2016-03-06'),
('A024', 4, 29634167, 2963417, '2016-04-06', '0000-00-00', 0, '2016-04-06'),
('A024', 6, 29634167, 2963417, '2016-06-06', '0000-00-00', 0, '2016-06-06'),
('A024', 10, 29634167, 2963417, '2016-10-06', '0000-00-00', 0, '2016-10-06'),
('A024', 7, 29634167, 2963417, '2016-07-06', '0000-00-00', 0, '2016-07-06'),
('A024', 9, 29634167, 2963417, '2016-09-06', '0000-00-00', 0, '2016-09-06'),
('A024', 8, 29634167, 2963417, '2016-08-06', '0000-00-00', 0, '2016-08-06'),
('A024', 12, 29634167, 2963417, '2016-12-06', '0000-00-00', 0, '2016-12-06'),
('A024', 11, 29634167, 2963417, '2016-11-06', '0000-00-00', 0, '2016-11-06'),
('A024', 5, 29634167, 2963417, '2016-05-06', '0000-00-00', 0, '2016-05-06'),
('A025', 1, 25083333, 2508333, '2016-01-12', '0000-00-00', 0, '2016-01-12'),
('A025', 2, 25083333, 2508333, '2016-02-12', '0000-00-00', 0, '2016-02-12'),
('A025', 3, 25083333, 2508333, '2016-03-12', '0000-00-00', 0, '2016-03-12'),
('A025', 4, 25083333, 2508333, '2016-04-12', '0000-00-00', 0, '2016-04-12'),
('A025', 5, 25083333, 2508333, '2016-05-12', '0000-00-00', 0, '2016-05-12'),
('A025', 6, 25083333, 2508333, '2016-06-12', '0000-00-00', 0, '2016-06-12'),
('A025', 7, 25083333, 2508333, '2016-07-12', '0000-00-00', 0, '2016-07-12'),
('A025', 10, 25083333, 2508333, '2016-10-12', '0000-00-00', 0, '2016-10-12'),
('A025', 9, 25083333, 2508333, '2016-09-12', '0000-00-00', 0, '2016-09-12'),
('A025', 8, 25083333, 2508333, '2016-08-12', '0000-00-00', 0, '2016-08-12'),
('A025', 12, 25083333, 2508333, '2016-12-12', '0000-00-00', 0, '2016-12-12'),
('A025', 11, 25083333, 2508333, '2016-11-12', '0000-00-00', 0, '2016-11-12'),
('A026', 1, 33333333, 3333333, '2016-01-20', '0000-00-00', 0, '2016-01-20'),
('A026', 4, 33333333, 3333333, '2016-04-20', '0000-00-00', 0, '2016-04-20'),
('A026', 5, 33333333, 3333333, '2016-05-20', '0000-00-00', 0, '2016-05-20'),
('A026', 6, 33333333, 3333333, '2016-06-20', '0000-00-00', 0, '2016-06-20'),
('A026', 9, 33333333, 3333333, '2016-09-20', '0000-00-00', 0, '2016-09-20'),
('A026', 7, 33333333, 3333333, '2016-07-20', '0000-00-00', 0, '2016-07-20'),
('A026', 8, 33333333, 3333333, '2016-08-20', '0000-00-00', 0, '2016-08-20'),
('A026', 3, 33333333, 3333333, '2016-03-20', '0000-00-00', 0, '2016-03-20'),
('A026', 10, 33333333, 3333333, '2016-10-20', '0000-00-00', 0, '2016-10-20'),
('A026', 11, 33333333, 3333333, '2016-11-20', '0000-00-00', 0, '2016-11-20'),
('A026', 12, 33333333, 3333333, '2016-12-20', '0000-00-00', 0, '2016-12-20'),
('A026', 2, 33333333, 3333333, '2016-02-20', '0000-00-00', 0, '2016-02-20'),
('A027', 1, 25000000, 2500000, '2016-01-10', '0000-00-00', 0, '2016-01-10'),
('A027', 2, 25000000, 2500000, '2016-02-10', '0000-00-00', 0, '2016-02-10'),
('A027', 3, 25000000, 2500000, '2016-03-10', '0000-00-00', 0, '2016-03-10'),
('A027', 4, 25000000, 2500000, '2016-04-10', '0000-00-00', 0, '2016-04-10'),
('A027', 5, 25000000, 2500000, '2016-05-10', '0000-00-00', 0, '2016-05-10'),
('A027', 6, 25000000, 2500000, '2016-06-10', '0000-00-00', 0, '2016-06-10'),
('A027', 7, 25000000, 2500000, '2016-07-10', '0000-00-00', 0, '2016-07-10'),
('A027', 8, 25000000, 2500000, '2016-08-10', '0000-00-00', 0, '2016-08-10'),
('A027', 9, 25000000, 2500000, '2016-09-10', '0000-00-00', 0, '2016-09-10'),
('A027', 10, 25000000, 2500000, '2016-10-10', '0000-00-00', 0, '2016-10-10'),
('A027', 12, 25000000, 2500000, '2016-12-10', '0000-00-00', 0, '2016-12-10'),
('A027', 11, 25000000, 2500000, '2016-11-10', '0000-00-00', 0, '2016-11-10'),
('A028', 1, 40036375, 4003638, '2016-01-24', '0000-00-00', 0, '2016-01-24'),
('A028', 2, 40036375, 4003638, '2016-02-24', '0000-00-00', 0, '2016-02-24'),
('A028', 6, 40036375, 4003638, '2016-06-24', '0000-00-00', 0, '2016-06-24'),
('A028', 8, 40036375, 4003638, '2016-08-24', '0000-00-00', 0, '2016-08-24'),
('A028', 4, 40036375, 4003638, '2016-04-24', '0000-00-00', 0, '2016-04-24'),
('A028', 7, 40036375, 4003638, '2016-07-24', '0000-00-00', 0, '2016-07-24'),
('A028', 9, 40036375, 4003638, '2016-09-24', '0000-00-00', 0, '2016-09-24'),
('A028', 10, 40036375, 4003638, '2016-10-24', '0000-00-00', 0, '2016-10-24'),
('A028', 11, 40036375, 4003638, '2016-11-24', '0000-00-00', 0, '2016-11-24'),
('A028', 12, 40036375, 4003638, '2016-12-24', '0000-00-00', 0, '2016-12-24'),
('A028', 5, 40036375, 4003638, '2016-05-24', '0000-00-00', 0, '2016-05-24'),
('A028', 3, 40036375, 4003638, '2016-03-24', '0000-00-00', 0, '2016-03-24'),
('A029', 1, 30231667, 3023167, '2016-01-24', '0000-00-00', 0, '2016-01-24'),
('A029', 2, 30231667, 3023167, '2016-02-24', '0000-00-00', 0, '2016-02-24'),
('A029', 4, 30231667, 3023167, '2016-04-24', '0000-00-00', 0, '2016-04-24'),
('A029', 5, 30231667, 3023167, '2016-05-24', '0000-00-00', 0, '2016-05-24'),
('A029', 8, 30231667, 3023167, '2016-08-24', '0000-00-00', 0, '2016-08-24'),
('A029', 9, 30231667, 3023167, '2016-09-24', '0000-00-00', 0, '2016-09-24'),
('A029', 7, 30231667, 3023167, '2016-07-24', '0000-00-00', 0, '2016-07-24'),
('A029', 10, 30231667, 3023167, '2016-10-24', '0000-00-00', 0, '2016-10-24'),
('A029', 6, 30231667, 3023167, '2016-06-24', '0000-00-00', 0, '2016-06-24'),
('A029', 11, 30231667, 3023167, '2016-11-24', '0000-00-00', 0, '2016-11-24'),
('A029', 3, 30231667, 3023167, '2016-03-24', '0000-00-00', 0, '2016-03-24'),
('A029', 12, 30231667, 3023167, '2016-12-24', '0000-00-00', 0, '2016-12-24'),
('A030', 1, 33333333, 3333333, '2016-01-24', '0000-00-00', 0, '2016-01-24'),
('A030', 2, 33333333, 3333333, '2016-02-24', '0000-00-00', 0, '2016-02-24'),
('A030', 3, 33333333, 3333333, '2016-03-24', '0000-00-00', 0, '2016-03-24'),
('A030', 8, 33333333, 3333333, '2016-08-24', '0000-00-00', 0, '2016-08-24'),
('A030', 7, 33333333, 3333333, '2016-07-24', '0000-00-00', 0, '2016-07-24'),
('A030', 5, 33333333, 3333333, '2016-05-24', '0000-00-00', 0, '2016-05-24'),
('A030', 6, 33333333, 3333333, '2016-06-24', '0000-00-00', 0, '2016-06-24'),
('A030', 9, 33333333, 3333333, '2016-09-24', '0000-00-00', 0, '2016-09-24'),
('A030', 11, 33333333, 3333333, '2016-11-24', '0000-00-00', 0, '2016-11-24'),
('A030', 10, 33333333, 3333333, '2016-10-24', '0000-00-00', 0, '2016-10-24'),
('A030', 12, 33333333, 3333333, '2016-12-24', '0000-00-00', 0, '2016-12-24'),
('A030', 4, 33333333, 3333333, '2016-04-24', '0000-00-00', 0, '2016-04-24'),
('A031', 1, 32586183, 1629309, '2016-01-13', '0000-00-00', 0, '2016-01-13'),
('A031', 2, 32586183, 1629309, '2016-02-13', '0000-00-00', 0, '2016-02-13'),
('A031', 7, 32586183, 1629309, '2016-07-13', '0000-00-00', 0, '2016-07-13'),
('A031', 8, 32586183, 1629309, '2016-08-13', '0000-00-00', 0, '2016-08-13'),
('A031', 6, 32586183, 1629309, '2016-06-13', '0000-00-00', 0, '2016-06-13'),
('A031', 5, 32586183, 1629309, '2016-05-13', '0000-00-00', 0, '2016-05-13'),
('A031', 4, 32586183, 1629309, '2016-04-13', '0000-00-00', 0, '2016-04-13'),
('A031', 9, 32586183, 1629309, '2016-09-13', '0000-00-00', 0, '2016-09-13'),
('A031', 10, 32586183, 1629309, '2016-10-13', '0000-00-00', 0, '2016-10-13'),
('A031', 11, 32586183, 1629309, '2016-11-13', '0000-00-00', 0, '2016-11-13'),
('A031', 12, 32586183, 1629309, '2016-12-13', '0000-00-00', 0, '2016-12-13'),
('A031', 3, 32586183, 1629309, '2016-03-13', '0000-00-00', 0, '2016-03-13'),
('A032', 1, 25000000, 1250000, '2016-01-20', '0000-00-00', 0, '2016-01-20'),
('A032', 2, 25000000, 1250000, '2016-02-20', '0000-00-00', 0, '2016-02-20'),
('A032', 4, 25000000, 1250000, '2016-04-20', '0000-00-00', 0, '2016-04-20'),
('A032', 6, 25000000, 1250000, '2016-06-20', '0000-00-00', 0, '2016-06-20'),
('A032', 5, 25000000, 1250000, '2016-05-20', '0000-00-00', 0, '2016-05-20'),
('A032', 8, 25000000, 1250000, '2016-08-20', '0000-00-00', 0, '2016-08-20'),
('A032', 7, 25000000, 1250000, '2016-07-20', '0000-00-00', 0, '2016-07-20'),
('A032', 9, 25000000, 1250000, '2016-09-20', '0000-00-00', 0, '2016-09-20'),
('A032', 11, 25000000, 1250000, '2016-11-20', '0000-00-00', 0, '2016-11-20'),
('A032', 12, 25000000, 1250000, '2016-12-20', '0000-00-00', 0, '2016-12-20'),
('A032', 10, 25000000, 1250000, '2016-10-20', '0000-00-00', 0, '2016-10-20'),
('A032', 3, 25000000, 1250000, '2016-03-20', '0000-00-00', 0, '2016-03-20'),
('A033', 1, 26686875, 1334344, '2016-01-20', '0000-00-00', 0, '2016-01-20'),
('A033', 2, 26686875, 1334344, '2016-02-20', '0000-00-00', 0, '2016-02-20'),
('A033', 3, 26686875, 1334344, '2016-03-20', '0000-00-00', 0, '2016-03-20'),
('A033', 4, 26686875, 1334344, '2016-04-20', '0000-00-00', 0, '2016-04-20'),
('A033', 6, 26686875, 1334344, '2016-06-20', '0000-00-00', 0, '2016-06-20'),
('A033', 5, 26686875, 1334344, '2016-05-20', '0000-00-00', 0, '2016-05-20'),
('A033', 7, 26686875, 1334344, '2016-07-20', '0000-00-00', 0, '2016-07-20'),
('A033', 8, 26686875, 1334344, '2016-08-20', '0000-00-00', 0, '2016-08-20'),
('A033', 9, 26686875, 1334344, '2016-09-20', '0000-00-00', 0, '2016-09-20'),
('A033', 11, 26686875, 1334344, '2016-11-20', '0000-00-00', 0, '2016-11-20'),
('A033', 10, 26686875, 1334344, '2016-10-20', '0000-00-00', 0, '2016-10-20'),
('A033', 12, 26686875, 1334344, '2016-12-20', '0000-00-00', 0, '2016-12-20'),
('A034', 1, 33333333, 1666667, '2016-01-23', '0000-00-00', 0, '2016-01-23'),
('A034', 2, 33333333, 1666667, '2016-02-23', '0000-00-00', 0, '2016-02-23'),
('A034', 3, 33333333, 1666667, '2016-03-23', '0000-00-00', 0, '2016-03-23'),
('A034', 4, 33333333, 1666667, '2016-04-23', '0000-00-00', 0, '2016-04-23'),
('A034', 7, 33333333, 1666667, '2016-07-23', '0000-00-00', 0, '2016-07-23'),
('A034', 8, 33333333, 1666667, '2016-08-23', '0000-00-00', 0, '2016-08-23'),
('A034', 9, 33333333, 1666667, '2016-09-23', '0000-00-00', 0, '2016-09-23'),
('A034', 6, 33333333, 1666667, '2016-06-23', '0000-00-00', 0, '2016-06-23'),
('A034', 11, 33333333, 1666667, '2016-11-23', '0000-00-00', 0, '2016-11-23'),
('A034', 10, 33333333, 1666667, '2016-10-23', '0000-00-00', 0, '2016-10-23'),
('A034', 12, 33333333, 1666667, '2016-12-23', '0000-00-00', 0, '2016-12-23'),
('A034', 5, 33333333, 1666667, '2016-05-23', '0000-00-00', 0, '2016-05-23');

-- --------------------------------------------------------

--
-- Table structure for table `ci_sessions`
--

CREATE TABLE IF NOT EXISTS `ci_sessions` (
  `session_id` varchar(40) NOT NULL DEFAULT '0',
  `ip_address` varchar(45) NOT NULL DEFAULT '0',
  `user_agent` varchar(120) NOT NULL,
  `last_activity` int(10) unsigned NOT NULL DEFAULT '0',
  `user_data` text NOT NULL
) ENGINE=InnoDB DEFAULT CHARSET=latin1;

--
-- Dumping data for table `ci_sessions`
--

INSERT INTO `ci_sessions` (`session_id`, `ip_address`, `user_agent`, `last_activity`, `user_data`) VALUES
('0b3f017b4940250c8a59a412a0b2325f', '::1', 'Mozilla/5.0 (Macintosh; Intel Mac OS X 10_7_5) AppleWebKit/537.31 (KHTML, like Gecko) Chrome/26.0.1410.43 Safari/537.31', 1364662471, ''),
('14fb892ffe65aba98c526f02cbb51cd0', '::1', 'Mozilla/5.0 (Macintosh; Intel Mac OS X 10_7_5) AppleWebKit/537.22 (KHTML, like Gecko) Chrome/25.0.1364.160 Safari/537.22', 1363870001, 'a:4:{s:9:"user_data";s:0:"";s:9:"logged_in";s:13:"yesGetMeLogin";s:8:"username";s:5:"admin";s:13:"nama_pengguna";s:13:"Administrator";}'),
('82193b1d9647079381581cdd2788f471', '::1', 'Mozilla/5.0 (Macintosh; Intel Mac OS X 10_7_5) AppleWebKit/536.26.17 (KHTML, like Gecko) Version/6.0.2 Safari/536.26.17', 1364080874, ''),
('8c04382981b7131e16ceae866e836f22', '::1', 'Mozilla/5.0 (Macintosh; Intel Mac OS X 10_7_5) AppleWebKit/536.26.17 (KHTML, like Gecko) Version/6.0.2 Safari/536.26.17', 1364304041, ''),
('fc78f76de0dfc229c2a46896379dadc5', '::1', 'Mozilla/5.0 (Macintosh; Intel Mac OS X 10_7_5) AppleWebKit/536.26.17 (KHTML, like Gecko) Version/6.0.2 Safari/536.26.17', 1364301174, 'a:4:{s:9:"user_data";s:0:"";s:9:"logged_in";s:13:"yesGetMeLogin";s:8:"username";s:5:"admin";s:13:"nama_pengguna";s:13:"Administrator";}');

-- --------------------------------------------------------

--
-- Table structure for table `jenis_simpanan`
--

CREATE TABLE IF NOT EXISTS `jenis_simpanan` (
  `id_jenis` char(2) NOT NULL,
  `jenis_simpanan` varchar(50) NOT NULL,
  `jumlah` int(11) NOT NULL
) ENGINE=MyISAM DEFAULT CHARSET=latin1;

--
-- Dumping data for table `jenis_simpanan`
--

INSERT INTO `jenis_simpanan` (`id_jenis`, `jenis_simpanan`, `jumlah`) VALUES
('01', 'Simpanan Pokok', 50000),
('02', 'Simpanan Wajib', 30000),
('03', 'Simpanan Sukarela', 0),
('04', 'Simpanan Apa Saja', 5000000);

-- --------------------------------------------------------

--
-- Table structure for table `kas`
--

CREATE TABLE IF NOT EXISTS `kas` (
`id` int(11) NOT NULL,
  `id_user` int(11) NOT NULL,
  `tanggal` datetime NOT NULL,
  `pasiva` int(11) NOT NULL,
  `aktiva` int(11) NOT NULL,
  `jumlah` int(11) NOT NULL,
  `can_update` tinyint(1) NOT NULL DEFAULT '0',
  `created_at` datetime NOT NULL DEFAULT CURRENT_TIMESTAMP,
  `updated_at` timestamp NOT NULL DEFAULT CURRENT_TIMESTAMP ON UPDATE CURRENT_TIMESTAMP
) ENGINE=InnoDB AUTO_INCREMENT=23 DEFAULT CHARSET=latin1;

--
-- Dumping data for table `kas`
--

INSERT INTO `kas` (`id`, `id_user`, `tanggal`, `pasiva`, `aktiva`, `jumlah`, `can_update`, `created_at`, `updated_at`) VALUES
(10, 0, '2015-01-01 00:00:00', 0, 0, 625252500, 0, '2016-01-01 13:48:33', '2016-01-25 02:13:51'),
(12, 0, '2015-02-01 00:00:00', 0, 0, 676322500, 0, '2016-01-01 13:49:00', '2016-01-25 02:14:04'),
(13, 0, '2015-03-01 00:00:00', 0, 0, 614560500, 0, '2016-01-01 13:49:21', '2016-01-25 02:14:19'),
(14, 0, '2015-04-01 00:00:00', 0, 0, 610114500, 0, '2016-01-01 13:49:46', '2016-01-25 02:14:34'),
(15, 0, '2015-05-01 00:00:00', 0, 0, 592728000, 0, '2016-01-01 13:50:00', '2016-01-25 02:14:48'),
(16, 0, '2015-06-01 00:00:00', 0, 0, 686564000, 0, '2016-01-01 13:50:12', '2016-01-25 02:15:19'),
(17, 0, '2015-07-01 00:00:00', 0, 0, 600065000, 0, '2016-01-01 13:50:27', '2016-01-25 02:15:37'),
(18, 0, '2015-08-01 00:00:00', 0, 0, 649457000, 0, '2016-01-01 13:50:37', '2016-01-25 02:16:05'),
(19, 0, '2015-09-01 00:00:00', 0, 0, 668105500, 0, '2016-01-01 13:50:46', '2016-01-25 02:16:22'),
(20, 0, '2015-10-01 00:00:00', 0, 0, 612471000, 0, '2016-01-01 13:50:58', '2016-01-25 02:16:35'),
(21, 0, '2015-11-01 00:00:00', 0, 0, 594710500, 0, '2016-01-01 13:51:26', '2016-01-25 02:16:53'),
(22, 0, '2015-12-01 00:00:00', 0, 0, 653882500, 0, '2016-01-01 13:51:37', '2016-01-25 02:17:15');

-- --------------------------------------------------------

--
-- Table structure for table `nasabah`
--

CREATE TABLE IF NOT EXISTS `nasabah` (
  `noanggota` char(10) NOT NULL,
  `namaanggota` varchar(50) NOT NULL,
  `jk` char(2) NOT NULL,
  `tempat_lahir` varchar(50) NOT NULL,
  `tgl_lahir` date NOT NULL,
  `alamat` varchar(50) NOT NULL,
  `hp` char(30) NOT NULL,
  `noidentitas` char(30) NOT NULL,
  `pwd` varchar(50) DEFAULT NULL
) ENGINE=MyISAM DEFAULT CHARSET=latin1;

--
-- Dumping data for table `nasabah`
--

INSERT INTO `nasabah` (`noanggota`, `namaanggota`, `jk`, `tempat_lahir`, `tgl_lahir`, `alamat`, `hp`, `noidentitas`, `pwd`) VALUES
('A001', 'Deddy Rusdiansyah,S.Kom', 'L', 'Pandeglang', '1979-08-05', 'Cimuncang Sidomuncul No.9', '087774846856', '123456', '4b2770de9b8e1d12df1be94c096cfc29'),
('A002', 'Ugih Sugiarti', 'P', 'Cianjur', '1978-03-01', 'Cimuncang Sidomuncul', '087774846856', '654321', '4b2770de9b8e1d12df1be94c096cfc29'),
('A003', 'Jihan Salsabila', 'P', 'Serang', '2002-06-15', 'Cimuncang Sidomuncul', '087774846856', '987654', '4b2770de9b8e1d12df1be94c096cfc29'),
('A004', 'Danis Putra Pramudia', 'L', 'Serang', '2013-01-26', 'cimuncang sidomuncul', '0877748', '4321', '4b2770de9b8e1d12df1be94c096cfc29'),
('A005', 'Ahmad Ginanjar', 'L', 'Bandung', '1987-01-11', '', '', '32994342884729', '4b2770de9b8e1d12df1be94c096cfc29'),
('A006', 'Volla Aseanica', 'P', 'Tasikmalaya', '1973-06-19', '', '', '324472974939202', '4b2770de9b8e1d12df1be94c096cfc29'),
('A007', 'Bambang Rahardjo', 'L', 'Jombang', '1982-06-04', '', '', '3277763637827301', '4b2770de9b8e1d12df1be94c096cfc29'),
('A008', 'Suta Sabarna', 'L', 'Banten', '0000-00-00', '', '', '32884333423232', '4b2770de9b8e1d12df1be94c096cfc29'),
('A009', 'Dedi Kusnandar', 'L', 'Jakarta', '1987-03-05', '', '', '32774758382727183', '4b2770de9b8e1d12df1be94c096cfc29'),
('A010', 'Aji Nuramidan', 'L', 'Cimahi', '1989-01-14', '', '', '3243', '4b2770de9b8e1d12df1be94c096cfc29'),
('A011', 'Dede Wahyuningsih', 'P', 'Garut', '1985-11-07', '', '', '32776647738272', '4b2770de9b8e1d12df1be94c096cfc29'),
('A012', 'Pipit Suhaeni', 'P', 'Tasikmalaya', '1969-09-22', '', '', '32779483648376', '4b2770de9b8e1d12df1be94c096cfc29'),
('A013', 'Kusnandar', 'L', 'Karawang', '1983-05-23', '', '', '3277648263273746', '4b2770de9b8e1d12df1be94c096cfc29'),
('A014', 'Suryanto', 'L', 'Cirebon', '1988-01-29', '', '', '3277827384872', '4b2770de9b8e1d12df1be94c096cfc29'),
('A015', 'Galuh Prataman', 'L', 'Karawang', '1983-02-13', '', '', '32445673828273', '4b2770de9b8e1d12df1be94c096cfc29'),
('A016', 'Surya Diningrat', 'L', 'Bantul', '1981-09-23', '', '', '32772673388472', '4b2770de9b8e1d12df1be94c096cfc29'),
('A017', 'Levita Naomi', 'P', 'Ambon', '1982-05-13', '', '', '327782738393', '4b2770de9b8e1d12df1be94c096cfc29'),
('A018', 'Hotman Hutabarat', 'L', 'Medan', '1970-02-09', '', '', '32557483726748', '4b2770de9b8e1d12df1be94c096cfc29'),
('A019', 'Johan Siborang', 'L', 'Palembang', '1958-10-17', '', '', '3277234297349612', '4b2770de9b8e1d12df1be94c096cfc29'),
('A020', 'Rama Darama', 'L', 'Tegal', '1967-02-20', '', '', '3277927499928377', '4b2770de9b8e1d12df1be94c096cfc29'),
('A021', 'Tresno Purwo', 'L', 'Pemalang', '1965-01-06', '', '', '32772387482374', '4b2770de9b8e1d12df1be94c096cfc29'),
('A022', 'Ayu Chandra', 'P', 'Purwakarta', '1984-08-02', '', '', '3277864468543270', '4b2770de9b8e1d12df1be94c096cfc29'),
('A023', 'Yuyu Maesaroh', 'P', 'Tasikmalaya', '1981-09-08', '', '', '324564595375375', '4b2770de9b8e1d12df1be94c096cfc29'),
('A024', 'Wawan Setiawan', 'L', 'Jakarta', '1976-12-05', '', '', '3277890065467867', '4b2770de9b8e1d12df1be94c096cfc29'),
('A025', 'Rahman Hakiki', 'L', 'Cimahi', '1987-04-30', '', '', '324456579679754', '4b2770de9b8e1d12df1be94c096cfc29'),
('A026', 'Buya Hamka', 'L', 'Klaten', '1969-11-02', '', '', '32782738472381467', '4b2770de9b8e1d12df1be94c096cfc29'),
('A027', 'Sri Damayanti', 'P', 'Karawang', '1950-03-15', '', '', '3277859374973947', '4b2770de9b8e1d12df1be94c096cfc29'),
('A028', 'Hilman Juanda', 'L', 'Karawang', '1978-06-13', '', '', '3277284753929283', '4b2770de9b8e1d12df1be94c096cfc29'),
('A029', 'Gilang Ramdan', 'L', 'Karawang', '1988-02-05', '', '', '3277648837382874', '4b2770de9b8e1d12df1be94c096cfc29'),
('A030', 'Moch. Dimas', 'L', 'Bandung', '1985-05-06', '', '', '3277254485432168', '4b2770de9b8e1d12df1be94c096cfc29'),
('A031', 'Abdul Kadir', 'L', 'Madura', '1968-08-15', '', '', '3277255482135246', '4b2770de9b8e1d12df1be94c096cfc29'),
('A032', 'Eko Suryanto', 'L', 'Magelang', '1975-12-02', '', '', '3277516354956326', '4b2770de9b8e1d12df1be94c096cfc29'),
('A033', 'Septian Adi Sentosa', 'L', 'Cirebon', '1987-05-07', '', '', '32514564846325160', '4b2770de9b8e1d12df1be94c096cfc29'),
('A034', 'Arni Hutagalung', 'P', 'Medan', '1985-09-26', '', '', '32774561384965121', '4b2770de9b8e1d12df1be94c096cfc29');

-- --------------------------------------------------------

--
-- Table structure for table `pengambilan`
--

CREATE TABLE IF NOT EXISTS `pengambilan` (
`id_ambil` int(10) NOT NULL,
  `tgl` date NOT NULL,
  `noanggota` char(10) NOT NULL,
  `id_jenis` char(2) DEFAULT NULL,
  `jumlah` int(11) NOT NULL,
  `user_id` varchar(50) NOT NULL,
  `tglinsert` datetime DEFAULT NULL
) ENGINE=MyISAM AUTO_INCREMENT=16 DEFAULT CHARSET=latin1;

--
-- Dumping data for table `pengambilan`
--

INSERT INTO `pengambilan` (`id_ambil`, `tgl`, `noanggota`, `id_jenis`, `jumlah`, `user_id`, `tglinsert`) VALUES
(3, '2012-11-08', 'A003', '03', 5000, 'admin', '2012-11-08 10:38:50'),
(4, '2012-11-08', 'A001', '03', 20000, 'admin', '2012-11-08 10:58:58'),
(8, '2012-11-08', 'A001', '03', 210000, 'admin', '2012-11-08 13:39:27'),
(9, '2013-01-30', 'A003', '03', 50000, 'admin', '2013-01-30 02:12:12'),
(10, '2013-01-30', 'A003', '03', 100000, 'admin', '2013-01-30 02:12:50'),
(11, '2013-01-30', 'A003', '04', 50000, 'admin', '2013-01-30 02:13:16'),
(12, '2013-01-30', 'A003', '04', 200000, 'admin', '2013-01-30 02:26:29'),
(13, '2013-01-30', 'A002', '03', 50000, 'admin', '2013-01-30 02:32:45'),
(14, '2013-02-15', 'A001', '03', 50000, 'admin', '2013-02-15 09:53:59'),
(15, '2013-03-01', 'A003', '03', 100000, 'admin', '2013-02-15 10:03:12');

-- --------------------------------------------------------

--
-- Table structure for table `penggajian`
--

CREATE TABLE IF NOT EXISTS `penggajian` (
`id` int(11) NOT NULL,
  `tanggal` date NOT NULL,
  `jumlah` int(11) NOT NULL,
  `id_user` int(11) NOT NULL
) ENGINE=InnoDB AUTO_INCREMENT=14 DEFAULT CHARSET=latin1;

--
-- Dumping data for table `penggajian`
--

INSERT INTO `penggajian` (`id`, `tanggal`, `jumlah`, `id_user`) VALUES
(2, '2015-12-31', 40550000, 0),
(3, '2015-11-30', 36435000, 0),
(4, '2015-10-31', 36887000, 0),
(5, '2015-09-30', 36160000, 0),
(6, '2015-08-31', 36650000, 0),
(7, '2015-07-31', 36560000, 0),
(8, '2015-06-30', 36290000, 0),
(9, '2015-05-30', 36999000, 0),
(10, '2015-04-30', 36887000, 0),
(11, '2015-03-30', 36206500, 0),
(12, '2015-02-01', 36765000, 0),
(13, '2015-01-31', 36887000, 0);

-- --------------------------------------------------------

--
-- Table structure for table `pinjaman`
--

CREATE TABLE IF NOT EXISTS `pinjaman` (
  `id_pinjam` char(10) NOT NULL,
  `tgl` date NOT NULL,
  `noanggota` char(10) NOT NULL,
  `jumlah` int(11) NOT NULL,
  `lama` smallint(6) NOT NULL,
  `bunga` smallint(6) NOT NULL,
  `user_id` varchar(50) NOT NULL
) ENGINE=MyISAM DEFAULT CHARSET=latin1;

--
-- Dumping data for table `pinjaman`
--

INSERT INTO `pinjaman` (`id_pinjam`, `tgl`, `noanggota`, `jumlah`, `lama`, `bunga`, `user_id`) VALUES
('P0003', '2015-06-01', 'A003', 5000000, 6, 10, 'admin'),
('P0002', '2015-09-01', 'A002', 10000000, 6, 10, 'admin'),
('P0001', '2015-08-12', 'A001', 10000000, 6, 10, 'admin'),
('A004', '2015-01-08', 'A004', 150000000, 12, 10, 'kasir'),
('A005', '2015-01-23', 'A005', 384628500, 24, 5, 'kasir'),
('A006', '2015-01-21', 'A006', 150000000, 12, 10, 'kasir'),
('A007', '2015-02-10', 'A007', 300000000, 12, 10, 'kasir'),
('A008', '2015-02-20', 'A008', 206754500, 6, 5, 'kasir'),
('A009', '2015-02-18', 'A009', 300000000, 12, 3, 'kasir'),
('A010', '2015-03-02', 'A010', 231247500, 12, 5, 'kasir'),
('A011', '2015-04-23', 'A011', 200000000, 12, 5, 'kasir'),
('A012', '2015-03-26', 'A012', 150000000, 24, 10, 'kasir'),
('A013', '2015-03-28', 'A013', 350000000, 24, 10, 'kasir'),
('A014', '2015-04-16', 'A014', 304122300, 12, 5, 'kasir'),
('A015', '2015-04-29', 'A015', 200000000, 24, 5, 'kasir'),
('A016', '2015-05-04', 'A016', 109390500, 24, 5, 'kasir'),
('A017', '2015-05-09', 'A017', 270000000, 24, 5, 'kasir'),
('A018', '2016-05-19', 'A018', 300000000, 6, 5, 'kasir'),
('A019', '2015-06-11', 'A019', 200000000, 6, 5, 'kasir'),
('A020', '2015-06-16', 'A020', 339777000, 6, 5, 'kasir'),
('A021', '2015-06-29', 'A021', 300000000, 12, 5, 'kasir'),
('A022', '2016-07-07', 'A022', 250000000, 24, 10, 'kasir'),
('A023', '2015-07-13', 'A023', 404196999, 12, 10, 'kasir'),
('A024', '2015-08-06', 'A024', 355610000, 12, 10, 'kasir'),
('A025', '2015-08-12', 'A025', 301000000, 12, 10, 'kasir'),
('A026', '2015-08-20', 'A026', 100000000, 12, 10, 'kasir'),
('A027', '2015-09-10', 'A027', 300000000, 12, 10, 'kasir'),
('A028', '2015-09-24', 'A028', 480436500, 12, 10, 'kasir'),
('A029', '2015-10-24', 'A029', 362780000, 12, 10, 'kasir'),
('A030', '2015-10-24', 'A030', 400000000, 12, 10, 'kasir'),
('A031', '2015-11-13', 'A031', 391034200, 12, 5, 'kasir'),
('A032', '2015-11-20', 'A032', 300000000, 12, 5, 'kasir'),
('A033', '2015-12-20', 'A033', 320242500, 12, 5, 'kasir'),
('A034', '2015-12-23', 'A034', 400000000, 12, 5, 'kasir');

-- --------------------------------------------------------

--
-- Table structure for table `profile`
--

CREATE TABLE IF NOT EXISTS `profile` (
`id` int(11) NOT NULL,
  `koperasi` varchar(100) DEFAULT NULL,
  `alamat` varchar(100) DEFAULT NULL,
  `kota` varchar(50) DEFAULT NULL,
  `hp` varchar(30) DEFAULT NULL,
  `fax` varchar(30) DEFAULT NULL,
  `email` varchar(50) DEFAULT NULL,
  `logo` varchar(100) DEFAULT NULL,
  `saldo` int(11) NOT NULL
) ENGINE=MyISAM AUTO_INCREMENT=2 DEFAULT CHARSET=latin1;

--
-- Dumping data for table `profile`
--

INSERT INTO `profile` (`id`, `koperasi`, `alamat`, `kota`, `hp`, `fax`, `email`, `logo`, `saldo`) VALUES
(1, ' RAJAWALI CITRA MANDIRI ', 'cimuncang Sidomuncul No.9 Rt.03 Rw.20', 'Kota Serang', '087774846856', '0', 'deddy_rusdiansyah@gmail.com', NULL, 67535000);

-- --------------------------------------------------------

--
-- Table structure for table `simpanan`
--

CREATE TABLE IF NOT EXISTS `simpanan` (
`id_simpanan` int(11) NOT NULL,
  `tgl` date NOT NULL,
  `noanggota` char(10) NOT NULL,
  `id_jenis` char(2) NOT NULL,
  `jumlah` int(11) NOT NULL,
  `user_id` varchar(50) NOT NULL,
  `tglinsert` datetime DEFAULT NULL
) ENGINE=MyISAM AUTO_INCREMENT=52 DEFAULT CHARSET=latin1;

--
-- Dumping data for table `simpanan`
--

INSERT INTO `simpanan` (`id_simpanan`, `tgl`, `noanggota`, `id_jenis`, `jumlah`, `user_id`, `tglinsert`) VALUES
(22, '2015-11-08', 'A001', '01', 50000, 'admin', '2012-11-08 10:37:56'),
(23, '2015-11-08', 'A001', '02', 30000, 'admin', '2012-11-08 10:37:57'),
(24, '2015-05-08', 'A001', '03', 100000, 'admin', '2012-11-08 10:38:04'),
(25, '2015-11-08', 'A002', '01', 50000, 'admin', '2012-11-08 10:38:11'),
(26, '2015-10-08', 'A002', '02', 30000, 'admin', '2012-11-08 10:38:13'),
(27, '2015-03-08', 'A002', '03', 50000, 'admin', '2012-11-08 10:38:17'),
(28, '2015-11-08', 'A003', '01', 50000, 'admin', '2012-11-08 10:38:25'),
(29, '2015-02-08', 'A003', '02', 30000, 'admin', '2012-11-08 10:38:27'),
(30, '2015-04-08', 'A003', '03', 10000, 'admin', '2012-11-08 10:38:31'),
(31, '2015-05-08', 'A001', '03', 50000, 'admin', '2012-11-08 10:57:36'),
(32, '2015-01-17', 'A001', '02', 30000, 'admin', '2013-01-17 20:44:29'),
(34, '2015-01-29', 'A003', '03', 30000, 'admin', '2013-01-28 19:17:12'),
(49, '2015-04-01', 'A001', '01', 50000, 'admin', '2013-04-01 19:54:10'),
(45, '2015-02-15', 'A002', '03', 500000, 'admin', '2013-02-15 09:13:24'),
(43, '2015-06-29', 'A003', '03', 30000, 'admin', '2013-01-29 04:40:53'),
(42, '2015-01-29', 'A003', '03', 400000, 'admin', '2013-01-29 04:39:33'),
(44, '2015-01-29', 'A003', '03', 30000, 'admin', '2013-01-29 04:57:04'),
(40, '2015-01-29', 'A001', '03', 40000, 'admin', '2013-01-28 19:17:30'),
(46, '2015-05-15', 'A003', '02', 30000, 'admin', '2013-02-15 11:10:40'),
(47, '2015-03-01', 'A001', '03', 500000, 'admin', '2013-02-15 11:11:16'),
(51, '2015-12-25', 'A001', '01', 200000, 'admin', '2015-12-25 02:01:14');

-- --------------------------------------------------------

--
-- Table structure for table `users`
--

CREATE TABLE IF NOT EXISTS `users` (
  `user_id` varchar(50) NOT NULL,
  `password` varchar(50) NOT NULL,
  `namalengkap` varchar(100) DEFAULT NULL,
  `level` varchar(50) NOT NULL,
  `foto` varchar(50) NOT NULL
) ENGINE=MyISAM DEFAULT CHARSET=latin1;

--
-- Dumping data for table `users`
--

INSERT INTO `users` (`user_id`, `password`, `namalengkap`, `level`, `foto`) VALUES
('admin', '21232f297a57a5a743894a0e4a801fc3', 'Administrator', 'admin', 'ayah_profile.jpg'),
('manager', '1d0258c2440a8d19e716292b231e3190', 'Manager', 'manager', '4376e209c000d5a9e2d889cb869b051325d5647b.jpg'),
('kasir', 'c7911af3adbd12a035b289556d96470a', 'Kasir', 'kasir', 'soal.jpg');

--
-- Indexes for dumped tables
--

--
-- Indexes for table `angsuran`
--
ALTER TABLE `angsuran`
 ADD PRIMARY KEY (`id_pinjam`,`cicilan`), ADD KEY `id_pinjam` (`id_pinjam`,`cicilan`);

--
-- Indexes for table `ci_sessions`
--
ALTER TABLE `ci_sessions`
 ADD PRIMARY KEY (`session_id`), ADD KEY `last_activity_idx` (`last_activity`);

--
-- Indexes for table `jenis_simpanan`
--
ALTER TABLE `jenis_simpanan`
 ADD PRIMARY KEY (`id_jenis`);

--
-- Indexes for table `kas`
--
ALTER TABLE `kas`
 ADD PRIMARY KEY (`id`);

--
-- Indexes for table `nasabah`
--
ALTER TABLE `nasabah`
 ADD PRIMARY KEY (`noanggota`);

--
-- Indexes for table `pengambilan`
--
ALTER TABLE `pengambilan`
 ADD PRIMARY KEY (`id_ambil`), ADD KEY `noanggota` (`noanggota`);

--
-- Indexes for table `penggajian`
--
ALTER TABLE `penggajian`
 ADD PRIMARY KEY (`id`);

--
-- Indexes for table `pinjaman`
--
ALTER TABLE `pinjaman`
 ADD PRIMARY KEY (`id_pinjam`), ADD KEY `noanggota` (`noanggota`);

--
-- Indexes for table `profile`
--
ALTER TABLE `profile`
 ADD PRIMARY KEY (`id`);

--
-- Indexes for table `simpanan`
--
ALTER TABLE `simpanan`
 ADD PRIMARY KEY (`id_simpanan`), ADD KEY `noanggota` (`noanggota`);

--
-- Indexes for table `users`
--
ALTER TABLE `users`
 ADD PRIMARY KEY (`user_id`);

--
-- AUTO_INCREMENT for dumped tables
--

--
-- AUTO_INCREMENT for table `kas`
--
ALTER TABLE `kas`
MODIFY `id` int(11) NOT NULL AUTO_INCREMENT,AUTO_INCREMENT=23;
--
-- AUTO_INCREMENT for table `pengambilan`
--
ALTER TABLE `pengambilan`
MODIFY `id_ambil` int(10) NOT NULL AUTO_INCREMENT,AUTO_INCREMENT=16;
--
-- AUTO_INCREMENT for table `penggajian`
--
ALTER TABLE `penggajian`
MODIFY `id` int(11) NOT NULL AUTO_INCREMENT,AUTO_INCREMENT=14;
--
-- AUTO_INCREMENT for table `profile`
--
ALTER TABLE `profile`
MODIFY `id` int(11) NOT NULL AUTO_INCREMENT,AUTO_INCREMENT=2;
--
-- AUTO_INCREMENT for table `simpanan`
--
ALTER TABLE `simpanan`
MODIFY `id_simpanan` int(11) NOT NULL AUTO_INCREMENT,AUTO_INCREMENT=52;
/*!40101 SET CHARACTER_SET_CLIENT=@OLD_CHARACTER_SET_CLIENT */;
/*!40101 SET CHARACTER_SET_RESULTS=@OLD_CHARACTER_SET_RESULTS */;
/*!40101 SET COLLATION_CONNECTION=@OLD_COLLATION_CONNECTION */;
